<?xml version="1.0" encoding="UTF-8"?>
<theme name="DarkBB" version="1810">
	<properties>
		<templateset><![CDATA[2]]></templateset>
		<editortheme><![CDATA[monocons.css]]></editortheme>
		<imgdir><![CDATA[images/mybbdark]]></imgdir>
		<logo><![CDATA[images/mybbdark/logo_white.png]]></logo>
		<tablespace><![CDATA[5]]></tablespace>
		<borderwidth><![CDATA[0]]></borderwidth>
		<color><![CDATA[]]></color>
		<disporder><![CDATA[a:7:{s:10:"global.css";i:1;s:10:"usercp.css";i:2;s:9:"modcp.css";i:3;s:16:"star_ratings.css";i:4;s:14:"showthread.css";i:5;s:17:"thread_status.css";i:6;s:8:"css3.css";i:7;}]]></disporder>
	</properties>
	<stylesheets>
		<stylesheet name="global.css" version="1810"><![CDATA[html {background: #202020; margin: 0; padding:0;}
body {
	background: #202020;
	color: #a0a0a0;
	text-align: center;
	line-height: 1.4;
	margin: 0;
	font-family: Tahoma, Verdana, Arial, Sans-Serif;
	font-size: 13px;
	overflow-y: scroll;
}

a:link, a:visited {
	color: #0072BC;
	text-decoration: none;
}

a:hover,a:active {
	color: #ccc;
	text-decoration: none;
}

#container {
	color: #a0a0a0;
	text-align: left;
	line-height: 1.4;
	margin: 0;
	font-family: Tahoma, Verdana, Arial, Sans-Serif;
	font-size: 13px;
	min-width: 990px;
}

.wrapper {
	width: 85%;
	min-width: 970px;
	max-width: 1500px;
	margin: auto auto;
}

#logo {
	background: #202020;
	padding: 10px 0;
	border-bottom: 1px solid #252525;
}

#content {
	background: #202020;
	width: auto !important;
	padding: 20px 10px;
	overflow: hidden;
}

#header ul.menu li a i {
   color:#a0a0a0;
}

#header ul.menu {
	margin: 0;
	padding: 0;
	list-style: none;
}

#header ul.menu li {
	margin: 0 7px;
	display: inline;
}

#logo ul.top_links {
	font-weight: bold;
	text-align: right;
	margin: -10px 5px 0 0;
}


#panel .upper a.logout {
	font-weight: bold;
	padding-right: 20px;
	margin-left: 10px;
}

#panel .upper a.login,
#panel .upper a.lost_password {
	padding-left: 20px;
	margin-left: 10px;
	font-weight: bold;
}

#panel .upper a.register {
	padding-right: 20px;
	margin-left: 10px;
	font-weight: bold;
}

#panel .lower ul.panel_links {
	float: left;
}


#panel .lower ul.user_links {
	float: right;
}

#panel .lower ul.user_links li a {
	padding: 0;
	background-image: none;
}

#panel .upper {
	background: #0066a2;
	color: #fff;
	padding: 7px;
	clear: both;
}

#panel .upper a:link,
#panel .upper a:visited{
	color:#FFF;
}
#panel .upper a:hover,
#panel .upper a:active {
	color: #ccc;
}

#panel .lower {
	background: #353535;
	padding: 5px;
}

#panel .lower a:link,
#panel .lower a:visited {
	color:#ccc;
}
#panel .lower a:hover,
#panel .lower a:active {
	color: #fff;
}

#search {
	border: 0;
	padding: 0;
	margin: 0;
	float: right;
	vertical-align: middle;
}

#search input.button,
#search input.textbox {
	border-color: #353535;
}

#search input.button {
	background: #353535;
	color: #fff;
}

#search input {
	margin: -3px 0;
}

#quick_login .remember_me input {
	vertical-align: middle;
	margin: -3px 0 0 5px;
}

#footer {
	clear: both;
}

#footer ul.menu {
	margin: 0;
	padding: 0;
	list-style: none;
}

#footer ul.menu li {
	margin: 0 5px;
	display: inline;
}

#footer .upper {
	background: #353535;
	padding: 6px;
	font-size: 12px;
	overflow: hidden;
}

#footer a:link,
#footer a:visited,
#footer a:hover,
#footer a:active {
	color: #CCC;
}

#footer .upper .language {
	float: right;
	margin: -1px;
	margin-left: 15px;
}

#footer .upper .language select {
	border-color: #ccc;
}

#footer .upper .theme {
	float: right;
	margin: -1px;
	margin-left: 15px;
}

#footer .upper .theme select {
	border-color: #353535;
}

#footer .upper ul.bottom_links {
	float: left;
	margin: 4px 0 0 0;
}

#footer .lower {
	color: #a0a0a0;
	background: #262626;
	padding: 6px 6px 12px 6px;
	overflow: hidden;
	font-size: 11px;
}

#footer .lower a:link,
#footer .lower a:visited {
	color: #ccc;
	font-weight: bold;
}

#footer .lower a:hover,
#footer .lower a:active {
	color: #fff;
	text-decoration: none;
	font-weight: bold;
}

#footer .lower #current_time {
	float: right;
	color: #888;
}

#debug {
	float: right;
	text-align: right;
	margin-top: 20px;
	font-size: 11px;
}

.scaleimages img {
	max-width: 100%;
}

.forum_status {height: 25px;width: 25px;font-size: 25px;text-align: center;}

.forum_status i {display: inline-block;line-height: 25px;}

.forum_on {
color: #0066a2;
}

.forum_off, .forum_offlock, .forum_offlink {
color: #666;
}


.forum_off i:before {
    content: "\f114";
}

.forum_offlock i:before {
content: "\f023";
}

.forum_offlink i:before {
content: "\f064";
}

.subforumicon {
height: 10px;
width: 10px;
display: inline-block;
  margin: 0 5px;
}

.subforum_minion {
color: #0066a2;
}

.subforum_minioff, .subforum_miniofflock, .subforum_miniofflink {color: #666;}


.subforum_minioff i:before {
content: "\f114";
}


.subforum_miniofflock i:before {
content: "\f023";
}

.subforum_miniofflink i:before {
content: "\f0c1";
}

table {
	color: #a0a0a0;
	font-size: 13px;
}

.tborder {
	width: 100%;
    margin: auto auto;
    border: 1px solid #2e2e2e;
}

.tfixed {
	table-layout: fixed;
	word-wrap: break-word;
}

.thead {
	background: #0066a2;
	color: #ffffff;
	padding: 10px;
}

.thead a:link {
	color: #ffffff;
	text-decoration: none;
}

.thead a:visited {
	color: #ffffff;
	text-decoration: none;
}

.thead a:hover,
.thead a:active {
	color: #ffffff;
	text-decoration: underline;
}

.tcat {
	background: #353535;
	color: #fff;
	padding: 6px;
	font-size: 12px;
}

.tcat a:link {
	color: #fff;
}

.tcat a:visited {
	color: #fff;
}

.tcat a:hover,
.tcat a:active {
	color: #fff;
}

.trow1, .trow2 {
    background: #262626;
    border-bottom: 1px solid #2e2e2e;
    border-left: 1px solid #2e2e2e;
    padding: 10px;
}

.trow_shaded {
	background: #5d1b1b;
}

.no_bottom_border {
	border-bottom: 0;
}

.post.unapproved_post {
	background: #ffdde0;
}

.post.unapproved_post .post_author {
	border-bottom-color: #ffb8be;
}

.post.classic.unapproved_post .post_author {
	border-color: #ffb8be;
}

.post.unapproved_post .post_controls {
	border-top-color: #ffb8be;
}

.trow_deleted,
.post.deleted_post {
	background: #E8DEFF;
}

.trow_selected,
tr.trow_selected td {
	background: #313c41;
}

.trow_sep {
	background: #444;
	color: #ccc;
	padding: 6px;
	font-size: 12px;
	font-weight: bold;
}

.tfoot {
	padding: 6px;
	background: #353535;
	color: #a0a0a0;
}

.tfoot a:link, 
.tfoot a:visited {
	color: #a0a0a0;
	text-decoration: none;
}

.tfoot a:hover,
.tfoot a:active {
	color: #ffffff;
	text-decoration: none;
}

.thead input.textbox,
.thead select {
	border: 1px solid #263c30;
}

.bottommenu {
	background: #efefef;
	color: #333;
	border: 1px solid #4874a3;
	padding: 10px;
}

.navigation {
	color: #ccc;
	font-size: 11px;
	background: #353535;
    padding: 5px;
	
}

.navigation a:link, .navigation a:visited {
	text-decoration: none;
	color:#ccc;
}



.navigation a:hover,.navigation a:active {
	color:#fff;
	text-decoration: none;
}

.navigation .active {
	color: #fff;
	font-size: 11px;
}

.smalltext {
	font-size: 11px;
}

.largetext {
	font-size: 16px;
	font-weight: bold;
}

fieldset {
	padding: 12px;
	border: 1px solid #2e2e2e;
    margin: 0;
	margin: 0;
}

fieldset.trow1,
fieldset.trow2 {
	border-color: #2e2e2e;
}

fieldset.align_right {
	text-align: right;
}

input.textbox {
	background: #353535;
	color: #ccc;
	border: 1px solid #353535;
	padding: 3px 5px;
	outline: 0;
	font-size: 13px;
	font-family: Tahoma, Verdana, Arial, Sans-Serif;
}

textarea {
	background: #1f1f1f;
	color: #ccc;
	border: 1px solid #2e2e2e;
	padding: 2px;
	line-height: 1.4;
	outline: 0;
	font-family: Tahoma, Verdana, Arial, Sans-Serif;
	font-size: 13px;
}

select {
	background: #1f1f1f;
	padding: 3px;
	color: #ccc;
	border: 1px solid #2e2e2e;
	outline: 0;
	font-family: Tahoma, Verdana, Arial, Sans-Serif;
	font-size: 13px;
}

button,
input.button {
	padding: 5px 8px;
	cursor: pointer;
	font-family: Tahoma, Verdana, Arial, Sans-Serif;
	font-size: 13px;
	background: #0066a2;
	color: #fff;
	outline: 0;
	border:none
}

button:hover,
input.button:hover {
	background: #444;
}

form {
	margin: 0;
	padding: 0;
}

input.error, textarea.error, select.error {
	border: 1px solid #f30;
	color: #f30;
}

input.valid, textarea.valid, select.valid {
	border: 1px solid #0c0;
}

label.error {
	color: #f30;
	margin: 5px;
	padding: 0px;
	display: block;
	font-weight: bold;
	font-size: 11px;
}

form #message {
	width: 500px;
}

.editor {
	background: #f1f1f1;
	border: 1px solid #ccc;
}

.editor_control_bar {
	background: #fff;
	border: 1px solid #ccc;
}

.post .editor_control_bar {
	background: #f5f5f5;
}

.popup_menu {
	background: #fff;
	border: 1px solid #ccc;
}

.popup_menu .popup_item {
	background: #efefef;
	color: #333;
}

.popup_menu .popup_item:hover {
	background: #0072BC;
	color: #fff;
}

.trow_reputation_positive {
	background: #ccffcc;
}

.trow_reputation_negative {
	background: #ffcccc;
}

.reputation_positive {
	color: green;
}

.reputation_neutral {
	color: #444;
}

.reputation_negative {
	color: red;
}

.repbox {
	font-size:16px;
	font-weight: bold;
	padding:5px 7px 5px 7px;
}

._neutral {
	background-color:#FAFAFA;
	color: #999999;
	border:1px solid #CCCCCC;
}

._minus {
	background-color: #FDD2D1;
	color: #CB0200;
	border:1px solid #980201;
}

._plus {
	background-color:#E8FCDC;
	color: #008800;
	border:1px solid #008800;
}

img {
	border: none;
}

img.attachment {
	padding: 10px 0;
}

hr {
	background-color: #000000;
	color: #000000;
	height: 1px;
	border: 0px;
}

.clear {
	clear: both;
}

.float_left {
	float: left;
}

.float_right {
	float: right;
}

.hidden {
	display: none;
	float: none;
	width: 1%;
}

.hiddenrow {
	display: none;
}

.selectall {
	background: #FFFBD9;
	border-bottom: 1px solid #F7E86A;
	color: #333;
	text-align: center;
}

.expcolimage {
	float: right;
	width: auto;
	vertical-align: middle;
	margin-top: 3px;
}

.expcolimage img {
 	display:inline-block;
	width:16px;
 	height:auto;
 	position:relative;
}

.tcat_menu > .expcolimage {
	margin-top: 0;
}

blockquote {
	border-left: 3px solid #0066a2;
	margin: 0;
	background: #303030;
	padding: 10px;
}

blockquote cite {
	font-weight: bold;
	border-bottom: 1px solid #404040;
	font-style: normal;
	display: block;
	padding-bottom: 3px;
	margin: 0 0 10px 0;
}

blockquote cite span {
	float: right;
	font-weight: normal;
	font-size: 12px;
	color: #666;
}

blockquote cite span.highlight {
	float: none;
	font-weight: bold;
	padding-bottom: 0;
}

.codeblock {
	background: #303030;
	border-left: 3px solid #0066a2;
	padding: 10px;
}

.codeblock .title {
	border-bottom: 1px solid #404040;
	font-weight: bold;
	padding-bottom: 3px;
	margin: 0 0 10px 0;
}

.codeblock code {
	overflow: auto;
	height: auto;
	max-height: 200px;
	display: block;
	font-family: Monaco, Consolas, Courier, monospace;
	font-size: 13px;
}

.smilie {
	vertical-align: middle;
}

.smilie_pointer {
	cursor: pointer;
}

.separator {
	margin: 5px;
	padding: 0;
	height: 0px;
	font-size: 1px;
	list-style-type: none;
}

.popup_menu .popup_item_container {
	margin: 1px;
	text-align: left;
}

.popup_menu .popup_item {
	display: block;
	padding: 4px;
	white-space: nowrap;
	text-decoration: none;
}

.popup_menu a.popup_item:hover {
	text-decoration: none;
}

.subject_new {
	font-weight: bold;
}

.highlight {
	background: #FFFFCC;
	padding-top: 3px;
	padding-bottom: 3px;
}

.user-online { color:#52931c;font-size:11px;}
.user-offline { color:#b31717;font-size:11px;}
.user-away { color:#FF5722;font-size:11px;}

.pm_alert {
	background: #52931c;
	text-align: center;
	padding: 8px;
	margin-bottom: 15px;
	font-size: 12px;
	color: #fff;
}

.pm_alert i {
	color:#FFF;
	margin-top:2px;
}

.pm_alert i:hover {
	color:#ccc;
}

.red_alert {
	background: #b31717;
	color: #FFF;
	text-align: center;
	padding: 8px;
	margin-bottom: 15px;
	font-size: 12px;
	word-wrap: break-word;
}
.pm_alert a:link, .pm_alert a:visited,
.red_alert a:link,.red_alert a:visited {
	color:#FFF;
}
.pm_alert a:hover, .pm_alert  a:active,
.red_alert a:hover,.red_alert  a:active  {
	color: #ccc;
}

.high_warning {
	color: #CC0000;
}

.moderate_warning {
	color: #F3611B;
}

.low_warning {
	color: #AE5700;
}

.imminent_banned {
	color: #880000;
}

.high_banned {
	color: #FF0000;
}

.moderate_banned {
	color: #FF6600;
}

.low_banned {
	color: #008000;
}

.online {
	color: #15A018;
}

.offline {
	color: #C7C7C7;
}

div.error {
	padding: 5px 10px;
	border: 1px solid #c00;
	background: rgba(204, 0, 0, 0.15);
	font-size: 12px;
}

div.error p {
	margin: 0;
	color: #a0a0a0;
	font-weight: normal;
}

div.error p em {
	font-style: normal;
	font-weight: bold;
	display: block;
	color: #C00;
}

div.error ul {}

.pagination {
	font-size: 11px;
	padding-top: 10px;
	margin-bottom: 5px;
}

.tfoot .pagination,
.tcat .pagination {
	padding-top: 0;
}

.pagination .pages {
	font-weight: bold;
}

.pagination .pagination_current,
.pagination a {
	padding: 6px 8px;
	margin-bottom: 3px;
}

.pagination a {
	background: #353535;
	color: #CCC;
}

.pagination .pagination_current {
	background: #0066a2;
	color: #fff;
	border: none;
	font-weight: bold;
}

.pagination a:hover {
	background: #0072BC;
	color: #fff;
	border-color: #263c30;
	text-decoration: none;
}

.pagination .go_page img {
	margin-bottom: -4px;
}

.drop_go_page {
	background: #f5f5f5;
	padding: 4px;
}

.pagination_breadcrumb {
	background-color: #efefef;
	border: 1px solid #fff;
	outline: 1px solid #ccc;
	padding: 5px;
	margin-top: 5px;
	font-weight: normal;
}

.pagination_breadcrumb_link {
	vertical-align: middle;
	cursor: pointer;
}

.thread_legend,
.thread_legend dd {
	margin: 0;
	padding: 0;
}

.thread_legend dd {
	padding-bottom: 4px;
	margin-right: 15px;
}

.thread_legend img {
	margin-right: 4px;
	vertical-align: bottom;
}

.forum_legend,
.forum_legend dt,
.forum_legend dd {
	margin: 0;
	padding: 0;
}

.forum_legend dd {
	float: left;
	margin-right: 10px;
	margin-top: 7px;
}

.forum_legend dt {
	margin-right: 10px;
	float: left;
}

.success_message {
	color: #00b200;
	font-weight: bold;
	font-size: 10px;
	margin-bottom: 10px;
}

.error_message {
	color: #C00;
	font-weight: bold;
	font-size: 10px;
	margin-bottom: 10px;
}

#posts_container {
	padding: 0;
	background: #262626;
}

.ignored_post {
	border-top: 3px solid #333;
	padding: 15px;
}

.ignored_post .show_ignored_post {
	margin-top: -15px;
}

.ignored_post .show_ignored_post a.button span {
	background-position: 0 -400px;
}

.deleted_post_hidden {
	border-top: 2px solid #ccc;
	padding: 15px;
}

.deleted_post_collapsed {
	border-top: 3px solid #333;
	padding: 15px;
}

.deleted_post_collapsed .show_deleted_post {
	margin-top: -15px;
}

.deleted_post_collapsed .show_deleted_post a.button span {
	background-position: 0 -400px;
}

.post {
	overflow: hidden;
}

.post.classic {}

.post .post_author {
	padding: 5px;
	overflow: hidden;
	border-bottom: 1px solid #2e2e2e;
}

.post.classic .post_author {
	float: left;
	width: 13%;
	margin: 0;
	border-right: 1px solid #2e2e2e;
	padding: 15px;
}

.post .post_author .buddy_status {
	vertical-align: middle;
	margin-top: -1px;
}

.post .post_author div.author_avatar {
	float: left;
	margin-right: 3px;
}

.post.classic .post_author div.author_avatar {
	float: none;
	text-align: center;
	margin-bottom: 8px;
}

.post .post_author div.author_avatar img {
	padding: 5px;
}

.post .post_author div.author_information {
	float: left;
	padding: 6px 8px;
}

.post.classic .post_author div.author_information {
	float: none;
	padding: 0;
	text-align: center;
}

.post .post_author div.author_statistics {
	float: right;
	font-size: 11px;
	padding: 5px 0;
	color: #a0a0a0;
	line-height: 1.3;
	width: 140px;
}

.post.classic .post_author div.author_statistics {
	margin: 0 auto;
	float: none;
}

.post .post_head {
	font-size: 11px;
	padding: 5px 0;
	border-bottom: 1px solid #2e2e2e;
	color: #fff;
	margin-bottom: 4px;
}

.post .post_head span.post_date {
	color: #666;
}

.post .post_head span.edited_post {
	font-size: 10px;
	color: #999;
}

.post .post_head span.edited_post a {
	color: #666;
}

.post_body {
	font-size: 12px;
	padding: 10px 0;
}

.post.classic .post_content {
	float: left;
	width: 83.2%;
}

.post_content {
	padding: 0px 10px;
}

.post_content .signature {
	margin-top: 20px;
	border-top: 1px solid #2e2e2e;
	padding: 10px 0 4px 0;
}

.post .post_meta {
	margin: 4px 0;
	font-size: 11px;
	color: #999;
}

.post .post_meta a:link,
.post .post_meta a:visited {
	color: #777;
}

.post .post_meta a:hover,
.post .post_meta a:active {
	color: #777;
}

.post_controls {
	clear: both;
	background: #2e2e2e;
	padding: 5px;
	overflow: hidden;
}
.postbit_buttons > a:link, .postbit_buttons > a:hover, .postbit_buttons > a:visited, .postbit_buttons > a:active {
	display: inline-block;
	padding: 3px 5px;
	margin: 2px;
	font-size: 11px;
	background: #0066a2;
	color: #FFF;
}
.postbit_buttons > a:hover {
	background: #353535;
}
.postbit_buttons a span:before {
	content: "";
	display: inline-block;
	font-family: FontAwesome;
	font-weight: normal;
	font-size: inherit;
	text-rendering: auto;
	-webkit-font-smoothing: antialiased;
	-moz-osx-font-smoothing: grayscale;
	margin-right: 5px;
	font-size: 12px;
}
.postbit_buttons a.postbit_find span:before {
	content: "\f002";
}
.postbit_buttons a.postbit_reputation_add span:before {
	content: "\f067";
}
.postbit_buttons a.postbit_email span:before {
	content: "\f0e0";
}
.postbit_buttons a.postbit_website span:before {
	content: "\f0ac";
}
.postbit_buttons a.postbit_pm span:before {
	content: "\f199";
}
.postbit_buttons a.postbit_quote span:before {
	content: "\f10e";
}
.postbit_buttons a.postbit_multiquote span:before {
	content: "\f055";
}
.postbit_buttons a.postbit_multiquote_on span:before {
	content: "\f056";
	color: #DB1304;
}
.postbit_buttons a.postbit_edit span:before {
	content: "\f044";
}
.postbit_buttons a.postbit_qdelete span:before {
	content: "\f00d";
}
.postbit_buttons a.postbit_qrestore span:before {
	content: "\f067";
}
.postbit_buttons a.postbit_report span:before {
	content: "\f0a1";
}
.postbit_buttons a.postbit_warn span:before {
	content: "\f0e3";
}
.postbit_buttons a.postbit_purgespammer span:before {
	content: "\f071";
}
.postbit_buttons a.postbit_reply_pm span:before {
	content: "\f112";
}
.postbit_buttons a.postbit_reply_all span:before {
	content: "\f122";
}
.postbit_buttons a.postbit_forward_pm span:before {
	content: "\f064";
}
.postbit_buttons a.postbit_delete_pm span:before {
	content: "\f00d";
}
a.button:link, a.button:hover, a.button:visited, a.button:active {
	background: #0066a2;
	color: #FFF;
	display: inline-block;
	padding: 5px 8px;
	margin: 2px 2px 6px 2px;
	font-size: 14px;
}
a.button:hover {
	background: #353535;
  
}
a.button.small_button {
	font-size: 13px;
	margin: 0;
	padding: 3px 6px;
}
a.button span:before {
	content: "";
	display: inline-block;
	font-family: FontAwesome;
	font-weight: normal;
	font-size: inherit;
	text-rendering: auto;
	-webkit-font-smoothing: antialiased;
	-moz-osx-font-smoothing: grayscale;
	margin-right: 5px;
}
a.button.new_thread_button span:before {
	content: "\f086";
}
a.button.new_reply_button span:before {
	content: "\f075";
}
a.button.closed_button span:before {
	content: "\f00d";
}
a.button.rate_user_button span:before {
	content: "\f123";
}
a.button.add_buddy_button span:before {
	content: "\f007";
}
a.button.remove_buddy_button span:before {
	content: "\f00d";
}
a.button.add_ignore_button span:before {
	content: "\f1f6";
}
a.button.remove_ignore_button span:before {
	content: "\f0f3";
}
a.button.report_user_button span:before {
	content: "\f0a1";
}

.quick_jump {
	width: 13px;
	height: 13px;
	padding-left: 13px; /* amount of padding needed for image to fully show */
	margin-top: -3px;
	border: none;
}

.pollbar {
	background: #0066a2;;
	height: 12px;
}

.pollbar .percent {
	display: none;
}

.posticons_label {
	white-space: nowrap;
}

/** jGrowl Start **/

/** Special IE6 Style Positioning **/
.ie6 {
	position: absolute;
}

.ie6.top-right {
	right: auto;
	bottom: auto;
	left: expression( ( 0 - jGrowl.offsetWidth + ( document.documentElement.clientWidth ? document.documentElement.clientWidth : document.body.clientWidth ) + ( ignoreMe2 = document.documentElement.scrollLeft ? document.documentElement.scrollLeft : document.body.scrollLeft ) ) + 'px' );
	top: expression( ( 0 + ( ignoreMe = document.documentElement.scrollTop ? document.documentElement.scrollTop : document.body.scrollTop ) ) + 'px' );
}

.ie6.top-left {
	left: expression( ( 0 + ( ignoreMe2 = document.documentElement.scrollLeft ? document.documentElement.scrollLeft : document.body.scrollLeft ) ) + 'px' );
	top: expression( ( 0 + ( ignoreMe = document.documentElement.scrollTop ? document.documentElement.scrollTop : document.body.scrollTop ) ) + 'px' );
}

.ie6.bottom-right {
	left: expression( ( 0 - jGrowl.offsetWidth + ( document.documentElement.clientWidth ? document.documentElement.clientWidth : document.body.clientWidth ) + ( ignoreMe2 = document.documentElement.scrollLeft ? document.documentElement.scrollLeft : document.body.scrollLeft ) ) + 'px' );
	top: expression( ( 0 - jGrowl.offsetHeight + ( document.documentElement.clientHeight ? document.documentElement.clientHeight : document.body.clientHeight ) + ( ignoreMe = document.documentElement.scrollTop ? document.documentElement.scrollTop : document.body.scrollTop ) ) + 'px' );
}

.ie6.bottom-left {
	left: expression( ( 0 + ( ignoreMe2 = document.documentElement.scrollLeft ? document.documentElement.scrollLeft : document.body.scrollLeft ) ) + 'px' );
	top: expression( ( 0 - jGrowl.offsetHeight + ( document.documentElement.clientHeight ? document.documentElement.clientHeight : document.body.clientHeight ) + ( ignoreMe = document.documentElement.scrollTop ? document.documentElement.scrollTop : document.body.scrollTop ) ) + 'px' );
}

.ie6.center {
	left: expression( ( 0 + ( ignoreMe2 = document.documentElement.scrollLeft ? document.documentElement.scrollLeft : document.body.scrollLeft ) ) + 'px' );
	top: expression( ( 0 + ( ignoreMe = document.documentElement.scrollTop ? document.documentElement.scrollTop : document.body.scrollTop ) ) + 'px' );
	width: 100%;
}

/** jGrowl Styling **/
.jGrowl {
	z-index: 9999;
	color: #ffffff;
	font-size: 12px;
	font-family: "Helvetica Neue", Helvetica, Arial, sans-serif;
	position: fixed;
}
.jGrowl.top-left {
	left: 0px;
	top: 0px;
}
.jGrowl.top-right {
	right: 0px;
	top: 0px;
}
.jGrowl.bottom-left {
	left: 0px;
	bottom: 0px;
}
.jGrowl.bottom-right {
	right: 0px;
	bottom: 0px;
}
.jGrowl.center {
	top: 0px;
	width: 50%;
	left: 25%;
}

/** Cross Browser Styling **/

.jGrowl.center .jGrowl-notification,
.jGrowl.center .jGrowl-closer {
	margin-left: auto;
	margin-right: auto;
}
.jGrowl-notification {
	background-color: transparent;
	opacity: 0.9;
	filter: progid:DXImageTransform.Microsoft.Alpha(Opacity=(0.9*100));
	-ms-filter: progid:DXImageTransform.Microsoft.Alpha(Opacity=(0.9*100));
	zoom: 1;
	width: 250px;
	padding: 10px;
	margin: 10px;
	text-align: left;
	display: none;
	-moz-border-radius: 5px;
	-webkit-border-radius: 5px;
	border-radius: 5px;
	word-break: break-all;
}
.jGrowl .jGrowl-notification {
	min-height: 40px;
}
.jGrowl-notification .ui-state-highlight,
.jGrowl-notification .ui-widget-content .ui-state-highlight,
.jGrowl-notification .ui-widget-header .ui-state-highlight {
	border: 1px solid #000;
	background: #000;
	color: #fff;
}
.jGrowl-notification .jGrowl-header {
	font-weight: bold;
	font-size: .85em;
}
.jGrowl-notification .jGrowl-close {
	background-color: transparent;
	color: inherit;
	border: none;
	z-index: 99;
	float: right;
	font-weight: bold;
	font-size: 1em;
	cursor: pointer;
}
.jGrowl-closer {
	background-color: #000000;
	opacity: 0.9;
	filter: progid:DXImageTransform.Microsoft.Alpha(Opacity=(0.9*100));
	-ms-filter: progid:DXImageTransform.Microsoft.Alpha(Opacity=(0.9*100));
	zoom: 1;
	width: 250px;
	padding: 10px;
	margin: 10px;
	text-align: left;
	display: none;
	border-radius: 5px;
	word-break: break-all;
	padding-top: 4px;
	padding-bottom: 4px;
	cursor: pointer;
	font-size: .9em;
	font-weight: bold;
	text-align: center;
}
.jGrowl-closer .ui-state-highlight,
.jGrowl-closer .ui-widget-content .ui-state-highlight,
.jGrowl-closer .ui-widget-header .ui-state-highlight {
	border: 1px solid #000;
	background: #000;
	color: #fff;
}

.jGrowl .jGrowl-notification.jgrowl_success {
    background: #52931c;
    border: 1px solid #52931c;
    color: #fff;
}

.jGrowl .jGrowl-notification.jgrowl_error {
    background: #b31717;
    border: 1px solid #b31717;
    color: #fff;
}

.jGrowl .jGrowl-notification.jgrowl_process, .jGrowl .jGrowl-closer {
    background: #FFC107;
    border: 1px solid #FFC107;
	color: #fff;
}

/** Hide jGrowl when printing **/
@media print {
	.jGrowl {
		display: none;
	}
}

/** jGrowl End **/

/** Modal Start **/

.modal {
	display: none;
	width: 400px;
	text-align: left;
	background: #fff;
	-webkit-border-radius: 8px;
	-moz-border-radius: 8px;
	-o-border-radius: 8px;
	-ms-border-radius: 8px;
	border-radius: 8px;
	-webkit-box-shadow: 0 0 10px #000;
	-moz-box-shadow: 0 0 10px #000;
	-o-box-shadow: 0 0 10px #000;
	-ms-box-shadow: 0 0 10px #000;
	box-shadow: 0 0 10px #000;
}

.modal a.close-modal {
	position: absolute;
	top: -12.5px;
	right: -12.5px;
	display: block;
	width: 30px;
	height: 30px;
	text-indent: -9999px;
	background: url(images/close.png) no-repeat 0 0;
}

.modal-spinner {
	display: none;
	width: 64px;
	height: 64px;
	position: fixed;
	top: 50%;
	left: 50%;
	margin-right: -32px;
	margin-top: -32px;
	background: url(images/spinner_big.gif) no-repeat center center;
	-webkit-border-radius: 8px;
	-moz-border-radius: 8px;
	-o-border-radius: 8px;
	-ms-border-radius: 8px;
	border-radius: 8px;
}

/** Modal End **/

/** Impromptu Start **/

/*! jQuery-Impromptu - v6.2.1 - 2015-05-10
* http://trentrichardson.com/Impromptu
* Copyright (c) 2015 Trent Richardson; Licensed MIT */

.jqifade{
	position: absolute;
	background-color: #777777;
}
iframe.jqifade{
	display:block;
	z-index:-1;
}
div.jqi{
	width: 400px;
	max-width:90%;
	font-family: Verdana, Geneva, Arial, Helvetica, sans-serif;
	position: absolute;
	background-color: #ffffff;
	font-size: 11px;
	text-align: left;
	border: solid 1px #eeeeee;
	border-radius: 6px;
	-moz-border-radius: 6px;
	-webkit-border-radius: 6px;
	padding: 7px;
}
div.jqi .jqicontainer{
}
div.jqi .jqiclose{
	position: absolute;
	top: 4px; right: -2px;
	width: 18px;
	cursor: default;
	color: #bbbbbb;
	font-weight: bold;
}
div.jqi .jqistate{
	background-color: #fff;
}
div.jqi .jqititle{
	padding: 5px 10px;
	font-size: 16px;
	line-height: 20px;
	border-bottom: solid 1px #eeeeee;
}
div.jqi .jqimessage{
	padding: 10px;
	line-height: 20px;
	color: #444444;
	overflow: auto;
}
div.jqi .jqibuttonshide{
	display: none;
}
div.jqi .jqibuttons{
	text-align: right;
	margin: 0 -7px -7px -7px;
	border-top: solid 1px #e4e4e4;
	background-color: #f4f4f4;
	border-radius: 0 0 6px 6px;
	-moz-border-radius: 0 0 6px 6px;
	-webkit-border-radius: 0 0 6px 6px;
}
div.jqi .jqibuttons button{
	margin: 0;
	padding: 15px 20px;
	background-color: transparent;
	font-weight: normal;
	border: none;
	border-left: solid 1px #e4e4e4;
	color: #777;
	font-weight: bold;
	font-size: 12px;
}
div.jqi .jqibuttons button.jqidefaultbutton{
	color: #489afe;
}
div.jqi .jqibuttons button:hover,
div.jqi .jqibuttons button:focus{
	color: #287ade;
	outline: none;
}
div.jqi .jqibuttons button[disabled]{
	color: #aaa;
}
.jqiwarning .jqi .jqibuttons{
	background-color: #b95656;
}

/* sub states */
div.jqi .jqiparentstate::after{
	background-color: #777;
	opacity: 0.6;
	filter: alpha(opacity=60);
	content: '';
	position: absolute;
	top:0;left:0;bottom:0;right:0;
	border-radius: 6px;
	-moz-border-radius: 6px;
	-webkit-border-radius: 6px;
}
div.jqi .jqisubstate{
	position: absolute;
	top:0;
	left: 20%;
	width: 60%;
	padding: 7px;
	border: solid 1px #eeeeee;
	border-top: none;
	border-radius: 0 0 6px 6px;
	-moz-border-radius: 0 0 6px 6px;
	-webkit-border-radius: 0 0 6px 6px;
}
div.jqi .jqisubstate .jqibuttons button{
	padding: 10px 18px;
}

/* arrows for tooltips/tours */
.jqi .jqiarrow{ position: absolute; height: 0; width:0; line-height: 0; font-size: 0; border: solid 10px transparent;}

.jqi .jqiarrowtl{ left: 10px; top: -20px; border-bottom-color: #ffffff; }
.jqi .jqiarrowtc{ left: 50%; top: -20px; border-bottom-color: #ffffff; margin-left: -10px; }
.jqi .jqiarrowtr{ right: 10px; top: -20px; border-bottom-color: #ffffff; }

.jqi .jqiarrowbl{ left: 10px; bottom: -20px; border-top-color: #ffffff; }
.jqi .jqiarrowbc{ left: 50%; bottom: -20px; border-top-color: #ffffff; margin-left: -10px; }
.jqi .jqiarrowbr{ right: 10px; bottom: -20px; border-top-color: #ffffff; }

.jqi .jqiarrowlt{ left: -20px; top: 10px; border-right-color: #ffffff; }
.jqi .jqiarrowlm{ left: -20px; top: 50%; border-right-color: #ffffff; margin-top: -10px; }
.jqi .jqiarrowlb{ left: -20px; bottom: 10px; border-right-color: #ffffff; }

.jqi .jqiarrowrt{ right: -20px; top: 10px; border-left-color: #ffffff; }
.jqi .jqiarrowrm{ right: -20px; top: 50%; border-left-color: #ffffff; margin-top: -10px; }
.jqi .jqiarrowrb{ right: -20px; bottom: 10px; border-left-color: #ffffff; }

/** Impromptu End */
]]>
		</stylesheet>
		<stylesheet name="css3.css" version="1810"><![CDATA[tr td.trow1:first-child,
tr td.trow2:first-child,
tr td.trow_shaded:first-child {
	border-left: 0;
}

tr td.trow1:last-child,
tr td.trow2:last-child,
tr td.trow_shaded:last-child {
	border-right: 0;
}

.tborder {
	-moz-border-radius: 1px;
	-webkit-border-radius: 1px;
	border-radius: 1px;
}

.tborder tbody tr:last-child > td {
	border-bottom: 0;
}

.tborder tbody tr:last-child > td:first-child {
	-moz-border-radius-bottomleft: 2px;
	-webkit-border-bottom-left-radius: 2px;
	border-bottom-left-radius: 2px;
}

.tborder tbody tr:last-child > td:last-child {
	-moz-border-radius-bottomright: 2px;
	-webkit-border-bottom-right-radius: 2px;
	border-bottom-right-radius: 2px;
}

.thead {
	-moz-border-radius-topleft: 2px;
	-moz-border-radius-topright: 2px;
	-webkit-border-top-left-radius: 2px;
	-webkit-border-top-right-radius: 2px;
	border-top-left-radius: 2px;
	border-top-right-radius: 2px;
}

.thead_collapsed {
	-moz-border-radius-bottomleft: 2px;
	-moz-border-radius-bottomright: 2px;
	-webkit-border-bottom-left-radius: 2px;
	-webkit-border-bottom-right-radius: 2px;
	border-bottom-left-radius: 2px;
	border-bottom-right-radius: 2px;
}

.thead_left {
	-moz-border-radius-topright: 0;
	-webkit-border-top-right-radius: 0;
	border-top-right-radius: 0;
}

.thead_right {
	-moz-border-radius-topleft: 0;
	-webkit-border-top-left-radius: 0;
	border-top-left-radius: 0;
}

.tcat_menu {
	-moz-border-radius: 0 !important;
	-webkit-border-radius: 0 !important;
	border-radius: 0 !important;
}

.tborder tbody:nth-last-child(2) .tcat_collapse_collapsed {
	-moz-border-radius-bottomleft: 2px !important;
	-moz-border-radius-bottomright: 2px !important;
	-webkit-border-bottom-left-radius: 2px !important;
	-webkit-border-bottom-right-radius: 2px !important;
	border-bottom-left-radius: 2px !important;
	border-bottom-right-radius: 2px !important;
}

button,
input.button,
input.textbox,
input.invalid_field,
input.valid_field,
select,
textarea,
.navigation,
.editor_control_bar,
blockquote,
.codeblock,
fieldset,
.pm_alert,
.red_alert,
.popup_menu,
.postbit_buttons > a,
a.button {
	-moz-border-radius: 2px;
	-webkit-border-radius: 2px;
	border-radius: 2px;
}

.post.classic .post_author {
	-moz-border-radius: 0 2px 2px 0;
	-webkit-border-radius: 0 2px 2px 0;
	border-radius: 0 2px 2px 0;
}

.popup_menu .popup_item_container:first-child .popup_item {
	-moz-border-radius-topleft: 2px;
	-moz-border-radius-topright: 2px;
	-webkit-border-top-left-radius: 2px;
	-webkit-border-top-right-radius: 2px;
	border-top-left-radius: 2px;
	border-top-right-radius: 2px;
}

.popup_menu .popup_item_container:last-child .popup_item {
	-moz-border-radius-bottomleft: 2px;
	-moz-border-radius-bottomright: 2px;
	-webkit-border-bottom-left-radius: 2px;
	-webkit-border-bottom-right-radius: 2px;
	border-bottom-left-radius: 2px;
	border-bottom-right-radius: 2px;
}

.pagination a, .pagination_current {
	-moz-border-radius: 2px;
	-webkit-border-radius: 2px;
	border-radius: 2px;
}

.pollbar {
	-moz-border-radius: 1px;
	-webkit-border-radius: 1px;
	border-radius: 1px;
}
		]]>
		</stylesheet>
		<stylesheet name="star_ratings.css" attachedto="forumdisplay.php|showthread.php" version="1810"><![CDATA[.star_rating,
.star_rating li a:hover,
.star_rating .current_rating {
	background: url(images/star_rating.png) left -1000px repeat-x;
	vertical-align: middle;
}

.star_rating {
	position: relative;
	width:80px;
	height:16px;
	overflow: hidden;
	list-style: none;
	margin: 0;
	padding: 0;
	background-position: left top;
}

td .star_rating {
	margin: auto;
}

.star_rating li {
	display: inline;
}

.star_rating li a,
.star_rating .current_rating {
	position: absolute;
	text-indent: -1000px;
	height: 16px;
	line-height: 16px;
	outline: none;
	overflow: hidden;
	border: none;
	top:0;
	left:0;
}

.star_rating_notrated li a:hover {
	background-position: left bottom;
}

.star_rating li a.one_star {
	width:20%;
	z-index:6;
}

.star_rating li a.two_stars {
	width:40%;
	z-index:5;
}

.star_rating li a.three_stars {
	width:60%;
	z-index:4;
}

.star_rating li a.four_stars {
	width:80%;
	z-index:3;
}

.star_rating li a.five_stars {
	width:100%;
	z-index:2;
}

.star_rating .current_rating {
	z-index:1;
	background-position: left center;
}

.star_rating_success,
.success_message {
	color: #00b200;
	font-weight: bold;
	font-size: 10px;
	margin-bottom: 10px;
}

.inline_rating {
	background: url(images/star_rating.png) left -1000px repeat-x;
	float: left;
	vertical-align: middle;
	padding-right: 5px;
}]]>
		</stylesheet>
		<stylesheet name="thread_status.css" attachedto="forumdisplay.php|usercp.php|search.php" version="1810"><![CDATA[.thread_status:before {
    font-family: "FontAwesome";
    font-size: 16px;
}
.thread_status.dot_folder:before {
    color: #a0a0a0;
    content: "\f075"
}
.thread_status.dot_hotfolder:before {
    color: #a0a0a0;
    content: "\f06d"
}
.thread_status.dot_hotlockfolder:before {
    color: #a0a0a0;
    content: "\f06d"
}
.thread_status.dot_lockfolder:before {
    color: #a0a0a0;
    content: "\f023"
}
.thread_status.dot_newfolder:before {
    color: #0066a2;
    content: "\f15c"
}
.thread_status.dot_newhotfolder:before {
    color: #0066a2;
    content: "\f06d"
}
.thread_status.dot_newhotlockfolder:before {
    color: #0066a2;
    content: "\f06d"
}
.thread_status.dot_newlockfolder:before {
    color: #0066a2;
    content: "\f023"
}
.thread_status.folder:before {
    color: #a0a0a0;
    content: "\f075"
}
.thread_status.hotfolder:before {
    color: #a0a0a0;
    content: "\f06d"
}
.thread_status.hotlockfolder:before {
    color: #a0a0a0;
    content: "\f06d"
}
.thread_status.lockfolder:before {
    color: #a0a0a0;
    content: "\f023"
}
.thread_status.newfolder:before {
    color: #0066a2;
    content: "\f075";
}
.thread_status.newhotfolder:before {
    color: #0066a2;
    content: "\f06d";
}
.thread_status.newhotlockfolder:before {
    color: #0066a2;
    content: "\f06d"
}
.thread_status.newlockfolder:before {
    color: #0066a2;
    content: "\f023"
}
		
		]]>
		</stylesheet>
		<stylesheet name="showthread.css" attachedto="showthread.php" version="1810"><![CDATA[ul.thread_tools,ul.thread_tools li{
	list-style: none;
	padding: 0;
	margin: 0;
}

ul.thread_tools li {
	padding-left: 0;
	padding-bottom: 4px;
	margin-bottom: 3px; 
	font-size: 11px;
}

ul.thread_tools li.printable:before {
    font-family: FontAwesome;
    font-size: 10px;
    position: absolute; 
    z-index: 1;
    margin-left: -20px;
}

ul.thread_tools li.printable:after{
    font-family: FontAwesome;
    font-size: 14px;
    color: #696969;
    content: "\f02f";
	float: left;
	position: relative; 
    z-index: 0; 
	padding-right: 5px;
}

ul.thread_tools li.sendthread:before {
    font-family: FontAwesome;
    font-size: 8px;
    position: absolute; 
    z-index: 1;
    margin-left: -20px;
}

ul.thread_tools li.sendthread:after {
    font-family: FontAwesome;
    font-size: 14px;
    color: #696969;
    content: "\f0e0";
	position: relative;
    z-index: 0;
	float: left;
	padding-right: 5px;
}

ul.thread_tools li.subscription_add:before {
    font-family: FontAwesome;
    font-size: 8px;
    position: absolute; 
    z-index: 1;
    margin-left: -20px;
}

ul.thread_tools li.subscription_add:after {
    font-family: FontAwesome;
    font-size: 14px;
    color: #696969;
    content: "\f067";
	position: relative;
    z-index: 0;
	float: left;
	padding-right: 5px;
}

ul.thread_tools li.subscription_remove:before {
    font-family: FontAwesome;
    font-size: 8px;
    position: absolute; 
    z-index: 1;
    margin-left: -20px;
}

ul.thread_tools li.subscription_remove:after {
    font-family: FontAwesome;
    font-size: 14px;
    color: #696969;
    content: "\f068";
	position: relative;
    z-index: 0;
	float: left;
	padding-right: 5px;
}

ul.thread_tools li.poll:before {
    font-family: FontAwesome;
    font-size: 8px;
    position: absolute; 
    z-index: 1;
    margin-left: -20px;
}

ul.thread_tools li.poll:after {
    font-family: FontAwesome;
    font-size: 14px;
    color: #696969;
    content: "\f080";
	position: relative;
    z-index: 0;
	float: left;
	padding-right: 5px;
}

.showthread_spinner {
	margin: 0 auto;
	display: block;
	text-align: center;
	padding: 20px;
	width: 100%;
}		
		
		
		]]>
		</stylesheet>
		<stylesheet name="usercp.css" attachedto="usercp.php|usercp2.php|private.php" version="1810"><![CDATA[.usercp_nav_composepm, .usercp_nav_pmfolder,.usercp_nav_sub_pmfolder, .usercp_nav_trash_pmfolder, .usercp_nav_pmtracking, .usercp_nav_pmfolders, .usercp_nav_profile, .usercp_nav_email, .usercp_nav_password, .usercp_nav_username, .usercp_nav_editsig, .usercp_nav_avatar, .usercp_nav_options, .usercp_nav_usergroups, .usercp_nav_editlists, .usercp_nav_attachments, .usercp_nav_drafts, .usercp_nav_subscriptions, .usercp_nav_fsubscriptions, .usercp_nav_notepad, .usercp_nav_viewprofile, .usercp_nav_home {
    position: relative;
}

.usercp_nav_composepm:before, .usercp_nav_pmfolder:before, .usercp_nav_sub_pmfolder:before, .usercp_nav_trash_pmfolder:before, .usercp_nav_pmtracking:before, .usercp_nav_pmfolders:before,   .usercp_nav_profile:before, .usercp_nav_email:before, .usercp_nav_password:before, .usercp_nav_username:before, .usercp_nav_editsig:before, .usercp_nav_avatar:before, .usercp_nav_options:before, .usercp_nav_usergroups:before, .usercp_nav_editlists:before, .usercp_nav_attachments:before, .usercp_nav_drafts:before, .usercp_nav_subscriptions:before, .usercp_nav_fsubscriptions:before, .usercp_nav_notepad:before, .usercp_nav_viewprofile:before, .usercp_nav_home:before {
    font-family: FontAwesome;
    font-style: normal;
    font-weight: normal;
    text-decoration: inherit;
    font-size: 13px;
    vertical-align: middle;
    padding: 2px;
    color: #a0a0a0;
    margin-right: 10px;
}

.usercp_nav_composepm:before {
content: "\f0e0";
}


.usercp_nav_pmfolder:before {
content: "\f114";
}

.usercp_nav_sub_pmfolder:before {
content: "\f115";
}


.usercp_nav_trash_pmfolder:before {
content: "\f014";
}

.usercp_nav_pmtracking:before {
content: "\f06e";
}

.usercp_nav_pmfolders:before {
content: "\f0b1";
}

.usercp_nav_profile:before {
content: "\f14b";
}

.usercp_nav_email:before {
content: "\f003";
}

.usercp_nav_password:before {
content: "\f084";
}

.usercp_nav_username:before {
content: "\f007";
}

.usercp_nav_editsig:before {
content: "\f040";
}

.usercp_nav_avatar:before {
content: "\f03e";
}

.usercp_nav_options:before {
content: "\f013";
}

.usercp_nav_usergroups:before {
content:  "\f0c0";
}

.usercp_nav_editlists:before {
content:  "\f004";
}

.usercp_nav_attachments:before {
content: "\f0c1";
}

.usercp_nav_drafts:before {
content: "\f15c";
}

.usercp_nav_subscriptions:before {
content: "\f02e";
}

.usercp_nav_fsubscriptions:before {
content: "\f0f6";
}

.usercp_nav_notepad:before {
content: "\f044";
}

.usercp_nav_viewprofile:before {
content: "\f007";
}

.usercp_nav_home:before {
content: "\f015";
}

.usercp_nav_item {
	display: block;
	padding: 1px 0 1px 3px;
}

.usercp_notepad {
	width: 99%;
}

.usercp_container {
  margin: 5px;
  padding: 10px;
}

.usercp_container img {
	border-radius: 2px;
}

.pmspace {
	float: right;
	margin: -3px 5px;
}

.pmspace_container {
	background: #fff;
	border: 1px solid #ccc;
	width: 100px;
	display: inline-block;
}

.pmspace_used {
	display: inline-block;
	color: #fff;
	margin: -1px;
}

.pmspace_used.low {
	border: 1px solid #0c5a01;
	background: #167203;
}

.pmspace_used.medium {
	background: #ff862b;
	border: 1px solid #d7611e;
}

.pmspace_used.high {
	background: #e73c3c;
	border: 1px solid #c00;
}

.pmspace_unused {
	display: inline-block;
}

.pmspace_text {
	padding: 1px 5px;
	display: inline-block;
}



.user_new_pm:before {font-family:FontAwesome; content: "\f0e0"; font-size:16px}
.user_old_pm:before {font-family:FontAwesome; content: "\f2b6"; font-size:16px}
.user_fw_pm:before {font-family:FontAwesome; content: "\f2b6"; position:absolute; font-size:16px}
.user_fw_pm:after {font-family:FontAwesome; content: "\f178"; position:relative; top:11px; left:5px; color:#0066a2; font-size:16px}
.user_re_pm:before {font-family:FontAwesome; content: "\f2b6"; position:absolute; font-size:16px}
.user_re_pm:after {font-family:FontAwesome; content: "\f177"; position:relative; top:11px; right:5px; color:#353535; font-size:16px}
]]>
		</stylesheet>
		<stylesheet name="modcp.css" attachedto="modcp.php" version="1810"><![CDATA[.modcp_nav_item {
	display: block;
	
}

.modcp_nav_home, .modcp_nav_announcements,.modcp_nav_reports,  .modcp_nav_modqueue, .modcp_nav_modlogs, .modcp_nav_editprofile, .modcp_nav_banning, .modcp_nav_warninglogs, .modcp_nav_ipsearch  {
    position: relative;
    padding: 0px;
}

.modcp_nav_home:before, .modcp_nav_announcements:before, .modcp_nav_reports:before, .modcp_nav_modqueue:before, .modcp_nav_modlogs:before, .modcp_nav_ipsearch:before,   .modcp_nav_banning:before, .modcp_nav_editprofile:before, .modcp_nav_warninglogs:before {
    font-family: FontAwesome;
    font-style: normal;
    font-weight: normal;
    text-decoration: inherit;
    font-size: 13px;
    vertical-align: middle;
    padding: 2px;
    color: #a0a0a0;
    margin-right: 10px;
}

.modcp_nav_home:before {
content: "\f013";
}


.modcp_nav_announcements:before {
content: "\f130";
}

.modcp_nav_reports:before {
content: "\f071";
}


.modcp_nav_modqueue:before {
content: "\f0ad";
}

.modcp_nav_modlogs:before {
content: "\f0ae";
}

.modcp_nav_editprofile:before {
content: "\f044";
}

.modcp_nav_banning:before {
content: "\f070";
}

.modcp_nav_warninglogs:before {
content: "\f03c";
}

.modcp_nav_ipsearch:before {
content: "\f002";
}

.modqueue_message {
	overflow: auto;
	max-height: 250px;
}

.modqueue_controls {
	width: 270px;
	float: right;
	text-align: center;
	border: 1px solid #ccc;
	background: #fff;
	padding: 6px;
	font-weight: bold;
}

.modqueue_controls label {
	margin-right: 8px;
}

.label_radio_ignore, .label_radio_delete, .label_radio_approve {
	font-weight: bold;
}

.modqueue_meta {
	color: #444;
	font-size: 95%;
	margin-bottom: 8px;
}

.modqueue_mass {
	list-style: none;
	margin: 0;
	width: 150px;
	padding: 0;
}

.modqueue_mass li {
	margin-bottom: 4px;
	padding: 0;
}

.modqueue_mass li a {
	display: block;
	padding: 4px;
	border: 1px solid transparent;
}

.modqueue_mass li a:hover {
	background: #efefef;
	border: 1px solid #ccc;
	text-decoration: none;
}
		
		
		
		
		
		
		
		
		]]>
		</stylesheet>
	</stylesheets>
	<templates>
		<template name="error_inline" version="1810"><![CDATA[<div class="error">
	<p><em><i class="fa fa-info-circle fa-lg" aria-hidden="true"></i> {$title}</em></p>
	<ul>
		{$errorlist}
	</ul>
</div>
<br />]]></template>
		<template name="forumbit_depth2_cat" version="1810"><![CDATA[<tr>
<td class="{$bgcolor}" align="center" width="1"><div class="forum_status forum_{$lightbulb['folder']} ajax_mark_read" title="{$lightbulb['altonoff']}" id="mark_read_{$forum['fid']}"><i class="fa fa-folder"></i></div></td>
<td class="{$bgcolor}">
<strong><a href="{$forum_url}">{$forum['name']}</a></strong>{$forum_viewers_text}<div class="smalltext">{$forum['description']}{$subforums}</div>
</td>
<td class="{$bgcolor}" align="center" style="white-space: nowrap">{$threads}{$unapproved['unapproved_threads']}</td>
<td class="{$bgcolor}" align="center" style="white-space: nowrap">{$posts}{$unapproved['unapproved_posts']}</td>
<td class="{$bgcolor}" align="right" style="white-space: nowrap">{$lastpost}</td>
</tr>]]></template>
		<template name="forumbit_depth2_forum" version="1810"><![CDATA[<tr>
<td class="{$bgcolor}" align="center" width="1"><div class="forum_status forum_{$lightbulb['folder']} ajax_mark_read" title="{$lightbulb['altonoff']}" id="mark_read_{$forum['fid']}"><i class="fa fa-folder"></i></div></td>
<td class="{$bgcolor}">
<strong><a href="{$forum_url}">{$forum['name']}</a></strong>{$forum_viewers_text}<div class="smalltext">{$forum['description']}{$modlist}{$subforums}</div>
</td>
<td class="{$bgcolor}" align="center" style="white-space: nowrap">{$threads}{$unapproved['unapproved_threads']}</td>
<td class="{$bgcolor}" align="center" style="white-space: nowrap">{$posts}{$unapproved['unapproved_posts']}</td>
<td class="{$bgcolor}" align="right" style="white-space: nowrap">{$lastpost}</td>
</tr>]]></template>
		<template name="forumbit_depth3_statusicon" version="1810"><![CDATA[<div title="{$lightbulb['altonoff']}" class="subforumicon subforum_{$lightbulb['folder']} ajax_mark_read" id="mark_read_{$forum['fid']}"><i class="fa fa-folder"></i></div>]]></template>
		<template name="forumdisplay_thread_attachment_count" version="1810"><![CDATA[<div class="float_right"><i class="fa fa-paperclip fa-lg" aria-hidden="true" title="{$attachment_count}"></i></div>]]></template>
		<template name="forumdisplay_thread_gotounread" version="1810"><![CDATA[<a href="{$thread['newpostlink']}"><i class="fa fa-chevron-circle-right" aria-hidden="true" alt="{$lang->goto_first_unread}" title="{$lang->goto_first_unread}"></i></a>]]></template>
		<template name="global_pm_alert" version="1810"><![CDATA[<div class="pm_alert" id="pm_notice">
	<div class="float_right"><a href="{$mybb->settings['bburl']}/private.php?action=dismiss_notice&amp;my_post_key={$mybb->post_code}" title="{$lang->dismiss_notice}" onclick="return MyBB.dismissPMNotice('{$mybb->settings['bburl']}/')"><i class="fa fa-times-circle"></i></a></div>
	<div>{$privatemessage_text}</div>
</div>]]></template>
		<template name="header" version="1810"><![CDATA[<div id="container">
		<a name="top" id="top"></a>
		<div id="header">
			<div id="logo">
				<div class="wrapper">
					<a href="{$mybb->settings['bburl']}/index.php"><img src="{$theme['logo']}" alt="{$mybb->settings['bbname']}" title="{$mybb->settings['bbname']}" /></a>
					<ul class="menu top_links">
						{$menu_portal}
						{$menu_search}
						{$menu_memberlist}
						{$menu_calendar}
						<li><a href="{$mybb->settings['bburl']}/misc.php?action=help"><i class="fa fa-life-ring" aria-hidden="true"></i> {$lang->toplinks_help}</a></li>
					</ul>
				</div>
			</div>
			<div id="panel">
				<div class="upper">
					<div class="wrapper">
						{$quicksearch}
						{$welcomeblock}
					<!-- </div> in header_welcomeblock_member and header_welcomeblock_guest -->
				<!-- </div> in header_welcomeblock_member and header_welcomeblock_guest -->
			</div>
		</div>
		<div id="content">
			<div class="wrapper">
				
				<div class="red_alert" >
	Lorem ipsum dolor sit amet, convallis lorem quisque erat risus laoreet. <a href="#">Lorem ipsum dolor sit amet</a>
</div>
				
				{$pm_notice}
				{$remote_avatar_notice}
				{$bannedwarning}
				{$bbclosedwarning}
				{$unreadreports}
				{$pending_joinrequests}
				{$awaitingusers}
				<navigation>
				<br />]]></template>
		<template name="headerinclude" version="1810"><![CDATA[<link rel="alternate" type="application/rss+xml" title="{$lang->latest_threads} (RSS 2.0)" href="{$mybb->settings['bburl']}/syndication.php" />
<link rel="alternate" type="application/atom+xml" title="{$lang->latest_threads} (Atom 1.0)" href="{$mybb->settings['bburl']}/syndication.php?type=atom1.0" />
<meta http-equiv="Content-Type" content="text/html; charset={$charset}" />
<meta http-equiv="Content-Script-Type" content="text/javascript" />
<script type="text/javascript" src="{$mybb->asset_url}/jscripts/jquery.js?ver=1806"></script>
<script type="text/javascript" src="{$mybb->asset_url}/jscripts/jquery.plugins.min.js?ver=1806"></script>
<script type="text/javascript" src="{$mybb->asset_url}/jscripts/general.js?ver=1810"></script>

<link href="https://maxcdn.bootstrapcdn.com/font-awesome/4.7.0/css/font-awesome.min.css" rel="stylesheet">

{$stylesheets}
<script type="text/javascript">
<!--
	lang.unknown_error = "{$lang->unknown_error}";

	lang.select2_match = "{$lang->select2_match}";
	lang.select2_matches = "{$lang->select2_matches}";
	lang.select2_nomatches = "{$lang->select2_nomatches}";
	lang.select2_inputtooshort_single = "{$lang->select2_inputtooshort_single}";
	lang.select2_inputtooshort_plural = "{$lang->select2_inputtooshort_plural}";
	lang.select2_inputtoolong_single = "{$lang->select2_inputtoolong_single}";
	lang.select2_inputtoolong_plural = "{$lang->select2_inputtoolong_plural}";
	lang.select2_selectiontoobig_single = "{$lang->select2_selectiontoobig_single}";
	lang.select2_selectiontoobig_plural = "{$lang->select2_selectiontoobig_plural}";
	lang.select2_loadmore = "{$lang->select2_loadmore}";
	lang.select2_searching = "{$lang->select2_searching}";

	var cookieDomain = "{$mybb->settings['cookiedomain']}";
	var cookiePath = "{$mybb->settings['cookiepath']}";
	var cookiePrefix = "{$mybb->settings['cookieprefix']}";
	var cookieSecureFlag = "{$mybb->settings['cookiesecureflag']}";
	var deleteevent_confirm = "{$lang->deleteevent_confirm}";
	var removeattach_confirm = "{$lang->removeattach_confirm}";
	var loading_text = '{$lang->ajax_loading}';
	var saving_changes = '{$lang->saving_changes}';
	var use_xmlhttprequest = "{$mybb->settings['use_xmlhttprequest']}";
	var my_post_key = "{$mybb->post_code}";
	var rootpath = "{$mybb->settings['bburl']}";
	var imagepath = "{$theme['imgdir']}";
  	var yes_confirm = "{$lang->yes}";
	var no_confirm = "{$lang->no}";
	var MyBBEditor = null;
	var spinner_image = "{$theme['imgdir']}/spinner.gif";
	var spinner = "<img src='" + spinner_image +"' alt='' />";
	var modal_zindex = 9999;
// -->
</script>]]></template>
		<template name="header_menu_calendar" version="1810"><![CDATA[<li><a href="{$mybb->settings['bburl']}/calendar.php"><i class="fa fa-calendar" aria-hidden="true"></i> {$lang->toplinks_calendar}</a></li>]]></template>
		<template name="header_menu_memberlist" version="1810"><![CDATA[<li><a href="{$mybb->settings['bburl']}/memberlist.php"><i class="fa fa-users" aria-hidden="true"></i> {$lang->toplinks_memberlist}</a></li>]]></template>
		<template name="header_menu_portal" version="1810"><![CDATA[<li><a href="{$mybb->settings['bburl']}/portal.php"><i class="fa fa-bell" aria-hidden="true"></i> {$lang->toplinks_portal}</a></li>]]></template>
		<template name="header_menu_search" version="1810"><![CDATA[<li><a href="{$mybb->settings['bburl']}/search.php"><i class="fa fa-search" aria-hidden="true"></i> {$lang->toplinks_search}</a></li>]]></template>
		<template name="header_welcomeblock_guest" version="1810"><![CDATA[						<!-- Continuation of div(class="upper") as opened in the header template -->
						<span class="welcome">{$lang->welcome_guest}&nbsp; &nbsp; <a href="{$mybb->settings['bburl']}/member.php?action=login" onclick="$('#quick_login').modal({ fadeDuration: 250, keepelement: true, zIndex: (typeof modal_zindex !== 'undefined' ? modal_zindex : 9999) }); return false;"><i class="fa fa-key"></i> {$lang->welcome_login}</a> &nbsp; <a href="{$mybb->settings['bburl']}/member.php?action=register"><i class="fa fa-user-plus"></i> {$lang->welcome_register}</a></span>
					</div>
				</div>
				<div class="modal" id="quick_login" style="display: none;">
					<form method="post" action="{$mybb->settings['bburl']}/member.php">
						<input name="action" type="hidden" value="do_login" />
						<input name="url" type="hidden" value="" />
						<input name="quick_login" type="hidden" value="1" />
						<table width="100%" cellspacing="{$theme['borderwidth']}" cellpadding="{$theme['tablespace']}" border="0" class="tborder">
							<tr>
								<td class="thead" colspan="2"><strong>{$lang->login}</strong></td>
							</tr>
							<tr>
								<td class="trow1" width="25%"><strong>{$login_username}</strong></td>
								<td class="trow1"><input name="quick_username" id="quick_login_username" type="text" value="" class="textbox initial_focus" /></td>
							</tr>
							<tr>
								<td class="trow2"><strong>{$lang->password}</strong></td>
								<td class="trow2">
									<input name="quick_password" id="quick_login_password" type="password" value="" class="textbox" /> <a href="{$mybb->settings['bburl']}/member.php?action=lostpw" class="lost_password">{$lang->lost_password}</a>
								</td>
							</tr>
							<tr>
								<td class="trow1">&nbsp;</td>
								<td class="trow1 remember_me">
									<input name="quick_remember" id="quick_login_remember" type="checkbox" value="yes" class="checkbox" checked="checked" />
									<label for="quick_login_remember">{$lang->remember_me}</label>
								</td>
							</tr>
							<tr>
								<td class="trow2" colspan="2">
									<div align="center"><input name="submit" type="submit" class="button" value="{$lang->login}" /></div>
								</td>
							</tr>
						</table>
					</form>
				</div>
				<script type="text/javascript">
					$("#quick_login input[name='url']").val($(location).attr('href'));
				</script>]]></template>
		<template name="header_welcomeblock_member" version="1810"><![CDATA[<!-- Continuation of div(class="upper") as opened in the header template -->
	<span class="welcome">{$lang->welcome_back} &nbsp; <a href="{$mybb->settings['bburl']}/member.php?action=logout&amp;logoutkey={$mybb->user['logoutkey']}"><i class="fa fa-sign-out" aria-hidden="true"></i> {$lang->welcome_logout}</a></span>
	</div>
</div>
<div class="lower">
	<div class="wrapper">
		<ul class="menu panel_links">
			{$usercplink}
			{$modcplink}
			{$admincplink}
		</ul>
		<ul class="menu user_links">
			<li><a href="javascript:void(0)" onclick="MyBB.popupWindow('{$mybb->settings['bburl']}/misc.php?action=buddypopup&modal=1', null, true); return false;">{$lang->welcome_open_buddy_list}</a></li>
			{$searchlink}
			{$pmslink}
		</ul>
	</div>
	<br class="clear" />
</div>]]></template>
		<template name="header_welcomeblock_member_admin" version="1810"><![CDATA[<li><a href="{$mybb->settings['bburl']}/{$admin_dir}/index.php"><i class="fa fa-gear" aria-hidden="true"></i> {$lang->welcome_admin}</a></li>]]></template>
		<template name="header_welcomeblock_member_moderator" version="1810"><![CDATA[<li><a href="{$mybb->settings['bburl']}/modcp.php"><i class="fa fa-file" aria-hidden="true"></i> {$lang->welcome_modcp}</a></li>]]></template>
		<template name="header_welcomeblock_member_pms" version="1810"><![CDATA[<li><a href="{$mybb->settings['bburl']}/private.php">{$lang->welcome_pms}</a> {$lang->welcome_pms_usage}</li>]]></template>
		<template name="header_welcomeblock_member_search" version="1810"><![CDATA[<li><a href="{$mybb->settings['bburl']}/search.php?action=getnew">{$lang->welcome_newposts}</a></li>
<li><a href="{$mybb->settings['bburl']}/search.php?action=getdaily">{$lang->welcome_todaysposts}</a></li>]]></template>
		<template name="header_welcomeblock_member_user" version="1810"><![CDATA[<li><a href="{$mybb->settings['bburl']}/usercp.php"><i class="fa fa-user" aria-hidden="true"></i> {$lang->welcome_usercp}</a></li>]]></template>
		<template name="index" version="1810"><![CDATA[<html>
<head>
<title>{$mybb->settings['bbname']}</title>
{$headerinclude}
<script type="text/javascript">
<!--
lang.no_new_posts = "{$lang->no_new_posts}";
lang.click_mark_read = "{$lang->click_mark_read}";
// -->
</script>
</head>
<body>
{$header}
{$forums}
{$boardstats}

<dl class="forum_legend smalltext">
<dt><div class="forum_status forum_on"><i class="fa fa-folder"></i></div></dt>
<dd>{$lang->new_posts}</dd>

<dt><div class="forum_status forum_off"><i class="fa fa-folder"></i></div></dt>
<dd>{$lang->no_new_posts}</dd>

<dt><div class="forum_status forum_offlock"><i class="fa fafolder"></i></div></dt>
<dd>{$lang->forum_locked}</dd>

<dt><div class="forum_status forum_offlink"><i class="fa fa-folder"></i></div></dt>
<dd>{$lang->forum_redirect}</dd>
</dl>
<br class="clear" />
{$footer}
</body>
</html>]]></template>
		<template name="nav" version="1810"><![CDATA[<div class="navigation">
<i class="fa fa-home" aria-hidden="true"></i> {$nav}{$activesep}{$activebit}
</div>]]></template>
		<template name="nav_sep_active" version="1810"><![CDATA[&rsaquo;]]></template>
		<template name="portal_announcement" version="1810"><![CDATA[<table cellspacing="{$theme['borderwidth']}" cellpadding="{$theme['tablespace']}" class="tborder">
<tr>
<td class="thead"><strong>{$icon} <a href="{$mybb->settings['bburl']}/{$announcement['threadlink']}">{$announcement['subject']}</a></strong></td>
</tr>
<tr>
<td class="trow2" align="right">
<span class="smalltext">{$lang->posted_by} {$profilelink}  - {$anndate} - {$lang->forum} <a href="{$mybb->settings['bburl']}/{$announcement['forumlink']}">{$announcement['forumname']}</a> {$numcomments}</span>
</td>
</tr>
<tr>
<td class="trow1">
<table border="0" cellpadding="{$theme['tablespace']}" class="tfixed" style="width: 100%;">
	<tr>
		{$avatar}
		<td class="trow1 scaleimages">
			<p>
				{$message}
			</p>
			{$post['attachments']}
		</td>
	</tr>
	<tr>
		<td align="right" colspan="2" valign="bottom">
			<span class="smalltext">
				<a href="{$mybb->settings['bburl']}/printthread.php?tid={$announcement['tid']}"><i class="fa fa-print" aria-hidden="true" alt="{$lang->print_this_item}" title="{$lang->print_this_item}" ></i></a>{$senditem}
			</span>
		</td>
	</tr>
</table>
</td>
</tr>
</table>
<br />]]></template>
		<template name="portal_announcement_send_item" version="1810"><![CDATA[&nbsp;<a href="{$mybb->settings['bburl']}/sendthread.php?tid={$announcement['tid']}"><i class="fa fa-envelope" aria-hidden="true" alt="{$lang->send_to_friend}" title="{$lang->send_to_friend}" ></i></a>]]></template>
		<template name="postbit_author_user" version="1810"><![CDATA[	<div class="float_left">{$lang->postbit_posts}</div><div class="float_right">{$post['postnum']}</div><br />
	<div class="float_left">{$lang->postbit_threads}</div><div class="float_right">{$post['threadnum']}</div><br />
	<div class="float_left">{$lang->postbit_joined}</div><div class="float_right">{$post['userregdate']}</div>
	{$post['replink']}{$post['profilefield']}{$post['warninglevel']}]]></template>
		<template name="postbit_away" version="1810"><![CDATA[<a href="{$post['profilelink_plain']}" title="{$lang->postbit_status_away}"><i class="fa fa-user user-away" aria-hidden="true"></i></a>]]></template>
		<template name="postbit_offline" version="1810"><![CDATA[<i class="fa fa-user user-offline" aria-hidden="true"></i>]]></template>
		<template name="postbit_online" version="1810"><![CDATA[<a href="online.php" title="{$lang->postbit_status_online}"><i class="fa fa-user user-online" aria-hidden="true"></i></a>]]></template>
		<template name="postbit_reputation" version="1810"><![CDATA[<br /><div class="float_left">{$lang->postbit_reputation}</div> <div class="float_right">{$post['userreputation']}</div>]]></template>
		<template name="postbit_warninglevel" version="1810"><![CDATA[<br /><div class="float_left">{$lang->postbit_warning_level}</div> <div class="float_right"><a href="{$warning_link}">{$warning_level}</a></div>]]></template>
		<template name="post_attachments_new" version="1810"><![CDATA[<tr>
<td class="trow1" width="1"><i class="fa fa-paperclip fa-lg" aria-hidden="true"></i></td>
<td class="trow1" style="white-space: nowrap"><strong>{$lang->new_attachment}</strong> <input type="file" name="attachment" size="30" class="fileupload" /></td>
<td class="trow1" style="white-space: nowrap" align="center">{$attach_update_options} {$attach_add_options}</td>
</tr>]]></template>
		<template name="private_messagebit" version="1810"><![CDATA[<tr>
	<td align="center" class="trow1" width="1%"><span class="user_{$msgstatus}" title="{$msgalt}"></span></td>
	<td align="center" class="trow2" width="1%">{$icon}</td>
	<td class="trow1" width="35%"><a class="{$msgstatus}" href="private.php?action=read&amp;pmid={$message['pmid']}">{$message['subject']}</a>{$denyreceipt}</td>
	<td align="center" class="trow2">{$tofromusername}</td>
	<td class="trow1" align="right" style="white-space: nowrap"><span class="smalltext">{$senddate}</span></td>
	<td class="trow2" align="center"><input type="checkbox" class="checkbox" name="check[{$message['pmid']}]" value="1" /></td>
</tr>]]></template>
		<template name="private_search_messagebit" version="1810"><![CDATA[<tr>
	<td align="center" class="trow1" width="1%"><span class="user_{$msgstatus}" title="{$msgalt}"></span></td>
	<td align="center" class="trow2" width="1%">{$icon}</td>
	<td class="trow1" width="35%"><a class="{$msgstatus}" href="private.php?action=read&amp;pmid={$message['pmid']}">{$message['subject']}</a>{$denyreceipt}
	<br />{$message['message']}</td>
	<td align="center" class="trow2">{$tofromusername}</td>
	<td align="center" class="trow1"><a href="private.php?fid={$message['folder']}">{$foldername}</a></td>
	<td class="trow2" align="center" style="white-space: nowrap"><span class="smalltext">{$senddate}</span></td>
	<td class="trow1" align="center"><input type="checkbox" class="checkbox" name="check[{$message['pmid']}]" value="1" /></td>
</tr>]]></template>
		<template name="sendthread" version="1810"><![CDATA[<html>
<head>
<title>{$threadprefix['prefix']} {$thread['subject']} - {$lang->send_thread}</title>
{$headerinclude}
</head>
<body>
{$header}
{$errors}
<form action="sendthread.php" method="post">
<input type="hidden" name="my_post_key" value="{$mybb->post_code}" />
<table border="0" cellspacing="{$theme['borderwidth']}" cellpadding="{$theme['tablespace']}" class="tborder">
<tr>
<td colspan="2" width="100%" class="thead"><strong>{$lang->send_thread}</strong></td>
</tr>
{$from_email}
<tr>
<td width="40%" class="trow1"><strong>{$lang->recipient}</strong><br /><span class="smalltext">{$lang->recipient_note}</span></td>
<td width="60%" class="trow1"><input type="text" class="textbox" size="50" name="email" value="{$email}" /></td>
</tr>
<tr>
<td width="40%" class="trow2"><strong>{$lang->subject}</strong></td>
<td width="60%" class="trow2"><input type="text" class="textbox" size="50" name="subject" value="{$subject}" /></td>
</tr>
<tr>
<td valign="top" width="40%" class="trow1"><strong>{$lang->message}</strong></td>
<td width="60%" class="trow1"><textarea cols="50" rows="10" name="message">{$message}</textarea></td>
</tr>
{$captcha}
</table>
<br />
<input type="hidden" name="action" value="do_sendtofriend" />
<input type="hidden" name="tid" value="{$tid}" />
<div align="center"><input type="submit" class="button" value="{$lang->send_thread}" /></div>
</form>
{$footer}
</body>
</html>]]></template>
		<template name="showteam_usergroup_user" version="1810"><![CDATA[<tr>
<td width="65%" class="{$bgcolor}"><img src="{$theme['imgdir']}/buddy_{$status}.png" title="{$lang->$status}" alt="{$lang->$status}" style="vertical-align: middle;" /><a href="{$user['profilelink']}"><strong>{$user['username']}</strong></a></td>
<td width="15%" class="{$bgcolor}">{$user['lastvisit']}</td>
<td width="10%" class="{$bgcolor}"><div class="postbit_buttons">{$emailcode}</div></td>
<td width="10%" class="{$bgcolor}"><div class="postbit_buttons">{$pmcode}</div></td>
</tr>]]></template>
		<template name="usercp_nav_changename" version="1810"><![CDATA[<tr><td class="trow1 smalltext"><a href="usercp.php?action=changename" class="usercp_nav_item usercp_nav_username">{$lang->ucp_nav_change_username}</a></td></tr>]]></template>
		<template name="usercp_nav_editsignature" version="1810"><![CDATA[<tr><td class="trow1 smalltext"><a href="usercp.php?action=editsig" class="usercp_nav_item usercp_nav_editsig">{$lang->ucp_nav_edit_sig}</a></td></tr>]]></template>
		<template name="usercp_nav_messenger" version="1810"><![CDATA[<tbody>
<tr>
	<td class="tcat tcat_menu tcat_collapse{$collapsedimg['usercppms']}">
		<div class="expcolimage"><img src="{$theme['imgdir']}/collapse{$collapsedimg['usercppms']}.png" id="usercppms_img" class="expander" alt="[-]"/></div>
		<div><span class="smalltext"><strong>{$lang->ucp_nav_messenger}</strong></span></div>
	</td>
</tr>
</tbody>
<tbody style="{$collapsed['usercppms_e']}" id="usercppms_e">
	{$ucp_nav_compose}
	{$folderlinks}
	{$ucp_nav_tracking}
	<tr><td class="trow1 smalltext"><a href="private.php?action=folders" class="usercp_nav_item usercp_nav_pmfolders">{$lang->ucp_nav_edit_folders}</a></td></tr>
</tbody>]]></template>
		<template name="usercp_nav_messenger_compose" version="1810"><![CDATA[<tr><td class="trow1 smalltext"><a href="private.php?action=send" class="usercp_nav_item usercp_nav_composepm">{$lang->ucp_nav_compose}</a></td></tr>]]></template>
		<template name="usercp_nav_messenger_folder" version="1810"><![CDATA[<tr><td class="trow1 smalltext"><a href="private.php?fid={$folder_id}" class="usercp_nav_item {$class}">{$folder_name}</a></td></tr>]]></template>
		<template name="usercp_nav_messenger_tracking" version="1810"><![CDATA[<tr><td class="trow1 smalltext"><a href="private.php?action=tracking" class="usercp_nav_item usercp_nav_pmtracking">{$lang->ucp_nav_tracking}</a></td></tr>]]></template>
		<template name="usercp_nav_misc" version="1810"><![CDATA[<tbody>
<tr>
	<td class="tcat tcat_menu tcat_collapse{$collapsedimg['usercpmisc']}">
		<div class="expcolimage"><img src="{$theme['imgdir']}/collapse{$collapsedimg['usercpmisc']}.png" id="usercpmisc_img" class="expander" alt="[-]" title="[-]" /></div>
		<div><span class="smalltext"><strong>{$lang->ucp_nav_misc}</strong></span></div>
	</td>
</tr>
</tbody>
<tbody style="{$collapsed['usercpmisc_e']}" id="usercpmisc_e">
	<tr><td class="trow1 smalltext"><a href="usercp.php?action=usergroups" class="usercp_nav_item usercp_nav_usergroups">{$lang->ucp_nav_usergroups}</a></td></tr>
	<tr><td class="trow1 smalltext"><a href="usercp.php?action=editlists" class="usercp_nav_item usercp_nav_editlists">{$lang->ucp_nav_editlists}</a></td></tr>
	{$attachmentop}
	<tr><td class="trow1 smalltext"><a href="usercp.php?action=drafts" class="usercp_nav_item usercp_nav_drafts">{$draftcount}</a></td></tr>
	<tr><td class="trow1 smalltext"><a href="usercp.php?action=subscriptions" class="usercp_nav_item usercp_nav_subscriptions">{$lang->ucp_nav_subscribed_threads}</a></td></tr>
	<tr><td class="trow1 smalltext"><a href="usercp.php?action=forumsubscriptions" class="usercp_nav_item usercp_nav_fsubscriptions">{$lang->ucp_nav_forum_subscriptions}</a></td></tr>
	<tr><td class="trow1 smalltext"><a href="{$profile_link}" class="usercp_nav_item usercp_nav_viewprofile">{$lang->ucp_nav_view_profile}</a></td></tr>
</tbody>]]></template>
		<template name="usercp_nav_profile" version="1810"><![CDATA[<tbody>
<tr>
	<td class="tcat tcat_menu tcat_collapse{$collapsedimg['usercpprofile']}">
		<div class="expcolimage"><img src="{$theme['imgdir']}/collapse{$collapsedimg['usercpprofile']}.png" id="usercpprofile_img" class="expander" alt="[-]" title="[-]" /></div>
		<div><span class="smalltext"><strong>{$lang->ucp_nav_profile}</strong></span></div>
	</td>
</tr>
</tbody>
<tbody style="{$collapsed['usercpprofile_e']}" id="usercpprofile_e">
	<tr><td class="trow1 smalltext"><a href="usercp.php?action=profile" class="usercp_nav_item usercp_nav_profile">{$lang->ucp_nav_edit_profile}</a></td></tr>
		{$changenameop}
		<tr><td class="trow1 smalltext"><a href="usercp.php?action=password" class="usercp_nav_item usercp_nav_password">{$lang->ucp_nav_change_pass}</a></td></tr>
		<tr><td class="trow1 smalltext"><a href="usercp.php?action=email" class="usercp_nav_item usercp_nav_email">{$lang->ucp_nav_change_email}</a></td></tr>
		<tr><td class="trow1 smalltext"><a href="usercp.php?action=avatar" class="usercp_nav_item usercp_nav_avatar">{$lang->ucp_nav_change_avatar}</a></td></tr>
		{$changesigop}
	<tr><td class="trow1 smalltext"><a href="usercp.php?action=options" class="usercp_nav_item usercp_nav_options">{$lang->ucp_nav_edit_options}</a></td></tr>
</tbody>]]></template>
	</templates>
</theme>